Feature,Importance
Revenue_Generated,0.9695457616316444
Bundle_Price,0.003873058042696773
ROI,0.003772433473187687
Budget,0.003655584721905813
Flash_Sale_ID,0.003370017670425785
Clicks,0.0033015982764667425
Conversions,0.0031993219225155693
Units_Sold,0.0029335182500590915
Discount_Level,0.0025579549055705243
Subscription_Length,0.0023689683943238942
Customer_Satisfaction_Post_Refund,0.0008673565565454253
Subscription_Tier,0.0005544261546583188
