Feature,Importance
Revenue_Generated,0.9676212503734345
Bundle_Price,0.004086375526292993
Budget,0.003982767975106198
Flash_Sale_ID,0.003891535318727686
ROI,0.003412118095207033
Conversions,0.003392713523700252
Clicks,0.003240534085943084
Units_Sold,0.003190565270464868
Subscription_Length,0.00281157134320911
Discount_Level,0.0027116644929420603
Customer_Satisfaction_Post_Refund,0.0010940345305861896
Subscription_Tier,0.0005648694643860451
